{
  "race_id": "2026-04-12_ST_R6",
  "gemini_model": "gemini-2.5-flash",
  "confidence_score": 0.65,
  "is_best_bet": true,
  "recommended_bet": "WIN 5",
  "probabilities": {
    "1": 0.2480757229040982,
    "2": 0.15664655710422304,
    "3": 0.03099646349074267,
    "4": 0.05096733929685875,
    "5": 0.1665279800291242,
    "6": 0.10203869357187437,
    "7": 0.022779280216351155,
    "8": 0.027771999167880177,
    "9": 0.015498231745371335,
    "10": 0.04732681506136884,
    "11": 0.07343457457873934,
    "12": 0.05793634283336801
  },
  "kelly_stakes": {},
  "market_odds": {
    "1": 3.3,
    "2": 5.2,
    "3": 26.0,
    "4": 16.0,
    "5": 4.9,
    "6": 8.0,
    "7": 35.0,
    "8": 29.0,
    "9": 52.0,
    "10": 17.0,
    "11": 11.0,
    "12": 14.0
  },
  "analysis_markdown": "### Race Analysis: Class 4, 1200m Turf\n\n**Data Limitations:**\nIt is critical to note the significant limitations in the provided data. Detailed horse performance data such as last 6 runs, sectional times, barrier trial results, and pedigree information were largely unparseable or entirely missing. Similarly, jockey-trainer synergy statistics, stewards' reports, and precise weather forecasts (beyond "
}